"station","date","time","wind_mph","vis_mi","weather","sky_cond","air_temp_F","dewpoint_F","air_temp_max_6h_F","air_temp_min_6h_F","rel_hum_perc","wind_chill_F","heat_indx_F","pres_alt_in","pres_sea_mb","precip_1hr_in","precip_3h_in","precip_6h_in","download_date","datetime"
"KWVL","2021-06-04","16:56","SW 9","10","A Few Clouds","FEW060","76","63",NA,NA,"64%",NA,"78","29.75","1009.8",NA,NA,NA,"2021-06-07","2021-06-04 16:56:00"
"KWVL","2021-06-04","17:56","SW 9","10","Fair","CLR","76","62",NA,NA,"62%",NA,"78","29.75","1009.8",NA,NA,NA,"2021-06-07","2021-06-04 17:56:00"
"KWVL","2021-06-04","18:56","S 6","10","Fair","CLR","75","62",NA,NA,"64%",NA,NA,"29.77","1010.3",NA,NA,NA,"2021-06-07","2021-06-04 18:56:00"
"KWVL","2021-06-04","19:56","S 6","10","Fair","CLR","73","63","78","73","71%",NA,NA,"29.78","1010.8",NA,NA,NA,"2021-06-07","2021-06-04 19:56:00"
"KWVL","2021-06-04","20:56","Calm","10","Fair","CLR","68","64",NA,NA,"87%",NA,NA,"29.79","1011.3",NA,NA,NA,"2021-06-07","2021-06-04 20:56:00"
"KWVL","2021-06-04","21:56","Calm","10","Fair","CLR","67","63",NA,NA,"87%",NA,NA,"29.81","1011.8",NA,NA,NA,"2021-06-07","2021-06-04 21:56:00"
"KWVL","2021-06-04","22:56","SW 3","10","Fair","CLR","64","63",NA,NA,"96%",NA,NA,"29.81","1011.8",NA,NA,NA,"2021-06-07","2021-06-04 22:56:00"
"KWVL","2021-06-04","23:56","SW 3","10","Fair","CLR","63","62",NA,NA,"97%",NA,NA,"29.79","1011.3",NA,NA,NA,"2021-06-07","2021-06-04 23:56:00"
"KWVL","2021-06-05","00:56","SW 3","10","Fair","CLR","62","61",NA,NA,"96%",NA,NA,"29.79","1011.2",NA,NA,NA,"2021-06-07","2021-06-05 00:56:00"
"KWVL","2021-06-05","01:56","SW 3","10","Fair","CLR","61","60","73","61","97%",NA,NA,"29.79","1011.3",NA,NA,NA,"2021-06-07","2021-06-05 01:56:00"
"KWVL","2021-06-05","02:56","Calm","9","Fair","CLR","60","59",NA,NA,"96%",NA,NA,"29.79","1011",NA,NA,NA,"2021-06-07","2021-06-05 02:56:00"
"KWVL","2021-06-05","03:56","SW 3","9","Fair","CLR","59","59",NA,NA,"100%",NA,NA,"29.79","1011.4",NA,NA,NA,"2021-06-07","2021-06-05 03:56:00"
"KWVL","2021-06-05","04:56","SW 3","4","Fog/Mist","BKN120","58","58",NA,NA,"100%",NA,NA,"29.79","1011.1",NA,NA,NA,"2021-06-07","2021-06-05 04:56:00"
"KWVL","2021-06-05","05:56","SW 3","6","Fog/Mist","CLR","59","58",NA,NA,"96%",NA,NA,"29.79","1011.3",NA,NA,NA,"2021-06-07","2021-06-05 05:56:00"
"KWVL","2021-06-05","06:56","SW 3","10","Fair","CLR","61","60",NA,NA,"97%",NA,NA,"29.79","1011.2",NA,NA,NA,"2021-06-07","2021-06-05 06:56:00"
"KWVL","2021-06-05","07:56","Vrbl 3","10","Fair","CLR","66","62","66","58","87%",NA,NA,"29.77","1010.7",NA,NA,NA,"2021-06-07","2021-06-05 07:56:00"
"KWVL","2021-06-05","08:56","SW 3","10","Fair","CLR","72","64",NA,NA,"76%",NA,NA,"29.77","1010.6",NA,NA,NA,"2021-06-07","2021-06-05 08:56:00"
"KWVL","2021-06-05","09:56","S 10 G 16","10","Fair","CLR","77","63",NA,NA,"62%",NA,"79","29.76","1010.2",NA,NA,NA,"2021-06-07","2021-06-05 09:56:00"
"KWVL","2021-06-05","10:56","SW 9","10","Fair","CLR","80","63",NA,NA,"56%",NA,"81","29.75","1009.8",NA,NA,NA,"2021-06-07","2021-06-05 10:56:00"
"KWVL","2021-06-05","11:56","SW 6","10","Fair","CLR","81","62",NA,NA,"53%",NA,"82","29.73","1009",NA,NA,NA,"2021-06-07","2021-06-05 11:56:00"
"KWVL","2021-06-05","12:56","SW 9","10","Fair","CLR","84","63",NA,NA,"49%",NA,"85","29.71","1008.3",NA,NA,NA,"2021-06-07","2021-06-05 12:56:00"
"KWVL","2021-06-05","13:56","SW 9 G 16","10","Fair","CLR","82","61","84","66","49%",NA,"83","29.69","1007.8",NA,NA,NA,"2021-06-07","2021-06-05 13:56:00"
"KWVL","2021-06-05","14:56","S 8","10","A Few Clouds","FEW060","83","64",NA,NA,"53%",NA,"84","29.69","1007.6",NA,NA,NA,"2021-06-07","2021-06-05 14:56:00"
"KWVL","2021-06-05","15:56","Vrbl 6","10","Partly Cloudy","FEW028 SCT046","81","65",NA,NA,"58%",NA,"83","29.68","1007.4",NA,NA,NA,"2021-06-07","2021-06-05 15:56:00"
"KWVL","2021-06-05","16:56","Calm","10","A Few Clouds","FEW060","77","66",NA,NA,"69%",NA,"79","29.68","1007.4",NA,NA,NA,"2021-06-07","2021-06-05 16:56:00"
"KWVL","2021-06-05","17:56","Vrbl 3","10","Fair","CLR","77","68",NA,NA,"74%",NA,"79","29.68","1007.3",NA,NA,NA,"2021-06-07","2021-06-05 17:56:00"
"KWVL","2021-06-05","18:56","SW 5","10","Fair","CLR","75","65",NA,NA,"71%",NA,NA,"29.69","1007.6",NA,NA,NA,"2021-06-07","2021-06-05 18:56:00"
"KWVL","2021-06-05","19:56","SW 3","10","Fair","CLR","73","65","85","73","76%",NA,NA,"29.7","1008.2",NA,NA,NA,"2021-06-07","2021-06-05 19:56:00"
"KWVL","2021-06-05","20:56","SW 5","10","Fair","CLR","76","63",NA,NA,"64%",NA,"78","29.74","1009.3",NA,NA,NA,"2021-06-07","2021-06-05 20:56:00"
"KWVL","2021-06-05","21:56","W 3","10","Light Rain","FEW048 SCT060 BKN110","75","63",NA,NA,"66%",NA,NA,"29.77","1010.5",NA,NA,NA,"2021-06-07","2021-06-05 21:56:00"
"KWVL","2021-06-05","22:56","W 5","10","Partly Cloudy","SCT120","72","64",NA,NA,"76%",NA,NA,"29.78","1010.7",NA,NA,NA,"2021-06-07","2021-06-05 22:56:00"
"KWVL","2021-06-05","23:56","NW 13 G 23","10","Light Rain","FEW046 SCT065 BKN110","73","62",NA,NA,"69%",NA,NA,"29.8","1011.3",NA,NA,NA,"2021-06-07","2021-06-05 23:56:00"
"KWVL","2021-06-06","00:56","Vrbl 5","10","A Few Clouds","FEW110","70","63",NA,NA,"79%",NA,NA,"29.81","1011.9",NA,NA,NA,"2021-06-07","2021-06-06 00:56:00"
"KWVL","2021-06-06","01:56","Vrbl 5","10","Fair","CLR","70","63","77","69","79%",NA,NA,"29.82","1012.1",NA,NA,NA,"2021-06-07","2021-06-06 01:56:00"
"KWVL","2021-06-06","02:56","Calm","10","Fair","CLR","69","62",NA,NA,"78%",NA,NA,"29.83","1012.5",NA,NA,NA,"2021-06-07","2021-06-06 02:56:00"
"KWVL","2021-06-06","03:56","Vrbl 3","10","Fair","CLR","67","61",NA,NA,"81%",NA,NA,"29.84","1012.9",NA,NA,NA,"2021-06-07","2021-06-06 03:56:00"
"KWVL","2021-06-06","04:56","W 3","10","Fair","CLR","66","61",NA,NA,"84%",NA,NA,"29.86","1013.6",NA,NA,NA,"2021-06-07","2021-06-06 04:56:00"
"KWVL","2021-06-06","05:56","Calm","10","Fair","CLR","65","61",NA,NA,"87%",NA,NA,"29.88","1014.2",NA,NA,NA,"2021-06-07","2021-06-06 05:56:00"
"KWVL","2021-06-06","06:56","Calm","10","Fair","CLR","69","63",NA,NA,"81%",NA,NA,"29.9","1014.8",NA,NA,NA,"2021-06-07","2021-06-06 06:56:00"
"KWVL","2021-06-06","07:56","Calm","10","Fair","CLR","73","65","73","65","76%",NA,NA,"29.92","1015.4",NA,NA,NA,"2021-06-07","2021-06-06 07:56:00"
"KWVL","2021-06-06","08:56","Vrbl 3","10","Fair","CLR","77","64",NA,NA,"64%",NA,"79","29.93","1015.7",NA,NA,NA,"2021-06-07","2021-06-06 08:56:00"
"KWVL","2021-06-06","09:56","Vrbl 3","10","Fair","CLR","79","65",NA,NA,"62%",NA,"81","29.93","1015.8",NA,NA,NA,"2021-06-07","2021-06-06 09:56:00"
"KWVL","2021-06-06","10:56","Vrbl 6","10","Fair","CLR","81","66",NA,NA,"61%",NA,"83","29.93","1015.8",NA,NA,NA,"2021-06-07","2021-06-06 10:56:00"
"KWVL","2021-06-06","11:56","Vrbl 3","10","Fair","CLR","82","65",NA,NA,"56%",NA,"84","29.92","1015.5",NA,NA,NA,"2021-06-07","2021-06-06 11:56:00"
"KWVL","2021-06-06","12:56","SW 9","10","A Few Clouds","FEW050","84","66",NA,NA,"55%",NA,"86","29.91","1015.2",NA,NA,NA,"2021-06-07","2021-06-06 12:56:00"
"KWVL","2021-06-06","13:56","Vrbl 6 G 16","10","Fair","CLR","87","67","87","72","51%",NA,"90","29.89","1014.4",NA,NA,NA,"2021-06-07","2021-06-06 13:56:00"
"KWVL","2021-06-06","14:56","SW 8","10","Fair","CLR","88","67",NA,NA,"50%",NA,"91","29.89","1014.2",NA,NA,NA,"2021-06-07","2021-06-06 14:56:00"
"KWVL","2021-06-06","15:56","SW 7","10","Fair","CLR","87","66",NA,NA,"50%",NA,"89","29.88","1014",NA,NA,NA,"2021-06-07","2021-06-06 15:56:00"
"KWVL","2021-06-06","16:56","Vrbl 6","10","Fair","CLR","86","67",NA,NA,"53%",NA,"89","29.88","1014",NA,NA,NA,"2021-06-07","2021-06-06 16:56:00"
"KWVL","2021-06-06","17:56","SW 5","10","Fair","CLR","84","66",NA,NA,"55%",NA,"86","29.88","1014",NA,NA,NA,"2021-06-07","2021-06-06 17:56:00"
"KWVL","2021-06-06","18:56","Vrbl 6","10","Fair","CLR","82","65",NA,NA,"56%",NA,"84","29.88","1014",NA,NA,NA,"2021-06-07","2021-06-06 18:56:00"
"KWVL","2021-06-06","19:56","SW 6","10","Fair","CLR","80","65","89","80","60%",NA,"82","29.89","1014.4",NA,NA,NA,"2021-06-07","2021-06-06 19:56:00"
"KWVL","2021-06-06","20:56","S 3","10","Fair","CLR","76","65",NA,NA,"69%",NA,"78","29.9","1014.8",NA,NA,NA,"2021-06-07","2021-06-06 20:56:00"
"KWVL","2021-06-06","21:56","S 3","10","Fair","CLR","74","64",NA,NA,"71%",NA,NA,"29.92","1015.5",NA,NA,NA,"2021-06-07","2021-06-06 21:56:00"
"KWVL","2021-06-06","22:56","SW 3","10","Fair","CLR","72","64",NA,NA,"76%",NA,NA,"29.93","1015.7",NA,NA,NA,"2021-06-07","2021-06-06 22:56:00"
"KWVL","2021-06-06","23:56","SW 3","10","Fair","CLR","70","64",NA,NA,"82%",NA,NA,"29.94","1016.1",NA,NA,NA,"2021-06-07","2021-06-06 23:56:00"
"KWVL","2021-06-07","00:56","SW 3","10","Fair","CLR","69","63",NA,NA,"81%",NA,NA,"29.93","1016",NA,NA,NA,"2021-06-07","2021-06-07 00:56:00"
"KWVL","2021-06-07","01:56","Calm","10","Fair","CLR","68","63","80","67","84%",NA,NA,"29.93","1015.9",NA,NA,NA,"2021-06-07","2021-06-07 01:56:00"
"KWVL","2021-06-07","02:56","SW 3","10","Fair","CLR","68","63",NA,NA,"84%",NA,NA,"29.94","1016",NA,NA,NA,"2021-06-07","2021-06-07 02:56:00"
"KWVL","2021-06-07","03:56","Calm","10","Fair","CLR","67","63",NA,NA,"87%",NA,NA,"29.95","1016.5",NA,NA,NA,"2021-06-07","2021-06-07 03:56:00"
"KWVL","2021-06-07","04:56","SW 3","10","Fair","CLR","66","63",NA,NA,"90%",NA,NA,"29.95","1016.5",NA,NA,NA,"2021-06-07","2021-06-07 04:56:00"
"KWVL","2021-06-07","05:56","SW 3","10","Fair","CLR","67","63",NA,NA,"87%",NA,NA,"29.97","1017.2",NA,NA,NA,"2021-06-07","2021-06-07 05:56:00"
"KWVL","2021-06-07","06:56","SW 5","10","Fair","CLR","69","64",NA,NA,"84%",NA,NA,"29.97","1017.4",NA,NA,NA,"2021-06-07","2021-06-07 06:56:00"
"KWVL","2021-06-07","07:56","Calm","10","Fair","CLR","74","67","74","65","79%",NA,NA,"29.98","1017.6",NA,NA,NA,"2021-06-07","2021-06-07 07:56:00"
"KWVL","2021-06-07","08:56","Vrbl 3","10","Fair","CLR","79","69",NA,NA,"72%",NA,"82","29.98","1017.4",NA,NA,NA,"2021-06-07","2021-06-07 08:56:00"
"KWVL","2021-06-07","09:56","SW 7","10","Fair","CLR","84","67",NA,NA,"57%",NA,"87","29.98","1017.2",NA,NA,NA,"2021-06-07","2021-06-07 09:56:00"
"KWVL","2021-06-07","10:56","SW 10 G 16","10","Fair","CLR","87","66",NA,NA,"50%",NA,"89","29.96","1016.9",NA,NA,NA,"2021-06-07","2021-06-07 10:56:00"
"KWVL","2021-06-07","11:56","SW 8 G 16","10","Fair","CLR","88","67",NA,NA,"50%",NA,"91","29.95","1016.5",NA,NA,NA,"2021-06-07","2021-06-07 11:56:00"
"KWVL","2021-06-07","12:56","SW 10","10","Fair","CLR","90","66",NA,NA,"45%",NA,"92","29.94","1015.9",NA,NA,NA,"2021-06-07","2021-06-07 12:56:00"
"KWVL","2021-06-07","13:56","Vrbl 7 G 16","10","Fair","CLR","90","66","90","74","45%",NA,"92","29.92","1015.4",NA,NA,NA,"2021-06-07","2021-06-07 13:56:00"
"KWVL","2021-06-07","14:56","SW 10","10","Fair","CLR","90","65",NA,NA,"44%",NA,"92","29.9","1014.7",NA,NA,NA,"2021-06-07","2021-06-07 14:56:00"
"KWVL","2021-06-07","15:56","SW 8","10","Fair","CLR","91","66",NA,NA,"44%",NA,"94","29.88","1014.1",NA,NA,NA,"2021-06-07","2021-06-07 15:56:00"
"KWVL","2021-06-07","16:56","Vrbl 7","10","Fair","CLR","91","66",NA,NA,"44%",NA,"94","29.87","1013.5",NA,NA,NA,"2021-06-08","2021-06-07 16:56:00"
"KWVL","2021-06-07","17:56","SW 7","10","Fair","CLR","89","65",NA,NA,"45%",NA,"91","29.86","1013.2",NA,NA,NA,"2021-06-08","2021-06-07 17:56:00"
"KWVL","2021-06-07","18:56","SW 5","10","Fair","CLR","87","66",NA,NA,"50%",NA,"89","29.86","1013.4",NA,NA,NA,"2021-06-08","2021-06-07 18:56:00"
"KWVL","2021-06-07","19:56","SW 3","10","Fair","CLR","83","66","91","83","57%",NA,"85","29.87","1013.7",NA,NA,NA,"2021-06-08","2021-06-07 19:56:00"
"KWVL","2021-06-07","20:56","W 5","10","Fair","CLR","79","65",NA,NA,"62%",NA,"81","29.89","1014.2",NA,NA,NA,"2021-06-08","2021-06-07 20:56:00"
"KWVL","2021-06-07","21:56","SW 5","10","Fair","CLR","78","65",NA,NA,"64%",NA,"80","29.89","1014.4",NA,NA,NA,"2021-06-08","2021-06-07 21:56:00"
"KWVL","2021-06-07","22:56","Calm","10","Fair","CLR","72","64",NA,NA,"76%",NA,NA,"29.89","1014.4",NA,NA,NA,"2021-06-08","2021-06-07 22:56:00"
"KWVL","2021-06-07","23:56","S 3","10","Fair","CLR","74","64",NA,NA,"71%",NA,NA,"29.89","1014.4",NA,NA,NA,"2021-06-08","2021-06-07 23:56:00"
"KWVL","2021-06-08","00:56","SW 5","10","Fair","CLR","72","65",NA,NA,"79%",NA,NA,"29.89","1014.6",NA,NA,NA,"2021-06-08","2021-06-08 00:56:00"
"KWVL","2021-06-08","01:56","SW 6","10","Fair","CLR","71","64","82","71","79%",NA,NA,"29.89","1014.7",NA,NA,NA,"2021-06-08","2021-06-08 01:56:00"
"KWVL","2021-06-08","02:56","SW 7","10","Fair","CLR","73","64",NA,NA,"74%",NA,NA,"29.9","1014.9",NA,NA,NA,"2021-06-08","2021-06-08 02:56:00"
"KWVL","2021-06-08","03:56","SW 5","10","Fair","CLR","71","64",NA,NA,"79%",NA,NA,"29.91","1015.2",NA,NA,NA,"2021-06-08","2021-06-08 03:56:00"
"KWVL","2021-06-08","04:56","Calm","10","A Few Clouds","FEW120","71","64",NA,NA,"79%",NA,NA,"29.91","1015.1",NA,NA,NA,"2021-06-08","2021-06-08 04:56:00"
"KWVL","2021-06-08","05:56","SW 3","10","Partly Cloudy","SCT120","71","65",NA,NA,"81%",NA,NA,"29.91","1015.3",NA,NA,NA,"2021-06-08","2021-06-08 05:56:00"
"KWVL","2021-06-08","06:56","W 5","10","A Few Clouds","FEW120","75","66",NA,NA,"74%",NA,NA,"29.92","1015.4",NA,NA,NA,"2021-06-08","2021-06-08 06:56:00"
"KWVL","2021-06-08","07:56","SW 6","10","Fair","CLR","78","67","79","70","69%",NA,"80","29.92","1015.5",NA,NA,NA,"2021-06-08","2021-06-08 07:56:00"
"KWVL","2021-06-08","08:56","SW 6","10","Fair","CLR","80","68",NA,NA,"67%",NA,"83","29.92","1015.6",NA,NA,NA,"2021-06-08","2021-06-08 08:56:00"
"KWVL","2021-06-08","09:56","SW 10","10","Fair","CLR","83","69",NA,NA,"63%",NA,"87","29.91","1015.3",NA,NA,NA,"2021-06-08","2021-06-08 09:56:00"
"KWVL","2021-06-08","10:56","W 10","10","Fair","CLR","83","69",NA,NA,"63%",NA,"87","29.93","1015.5",NA,NA,NA,"2021-06-08","2021-06-08 10:56:00"
"KWVL","2021-06-08","11:56","W 10","10","Fair","CLR","82","69",NA,NA,"65%",NA,"85","29.91","1015.1",NA,NA,NA,"2021-06-08","2021-06-08 11:56:00"
"KWVL","2021-06-08","12:56","W 8","10","Fair","CLR","84","69",NA,NA,"61%",NA,"88","29.91","1015.1",NA,NA,NA,"2021-06-09","2021-06-08 12:56:00"
"KWVL","2021-06-08","13:56","W 9","10","Fair","CLR","83","69","85","78","63%",NA,"87","29.91","1015",NA,NA,NA,"2021-06-09","2021-06-08 13:56:00"
"KWVL","2021-06-08","14:56","SW 8","10","Fair","CLR","83","70",NA,NA,"65%",NA,"87","29.9","1014.5",NA,NA,NA,"2021-06-09","2021-06-08 14:56:00"
"KWVL","2021-06-08","15:56","SW 6","10","Fair","CLR","85","72",NA,NA,"65%",NA,"91","29.88","1014",NA,NA,NA,"2021-06-09","2021-06-08 15:56:00"
"KWVL","2021-06-08","16:56","SW 6","10","Fair","CLR","84","72",NA,NA,"67%",NA,"90","29.86","1013.4",NA,NA,NA,"2021-06-09","2021-06-08 16:56:00"
"KWVL","2021-06-08","17:56","SW 3","10","Fair","CLR","83","72",NA,NA,"70%",NA,"88","29.87","1013.7",NA,NA,NA,"2021-06-09","2021-06-08 17:56:00"
"KWVL","2021-06-08","18:56","SW 5","10","Fair","CLR","81","71",NA,NA,"72%",NA,"85","29.88","1014",NA,NA,NA,"2021-06-09","2021-06-08 18:56:00"
"KWVL","2021-06-08","19:56","SW 3","10","Fair","CLR","80","71","85","80","74%",NA,"83","29.88","1014",NA,NA,NA,"2021-06-09","2021-06-08 19:56:00"
"KWVL","2021-06-08","20:56","W 6","10","Fair","CLR","79","71",NA,NA,"77%",NA,"82","29.9","1014.7",NA,NA,NA,"2021-06-09","2021-06-08 20:56:00"
"KWVL","2021-06-08","21:56","SW 6","10","Fair","CLR","78","71",NA,NA,"79%",NA,"80","29.89","1014.6",NA,NA,NA,"2021-06-09","2021-06-08 21:56:00"
"KWVL","2021-06-08","22:56","Vrbl 5","10","Fair","CLR","79","69",NA,NA,"72%",NA,"82","29.89","1014.5",NA,NA,NA,"2021-06-09","2021-06-08 22:56:00"
"KWVL","2021-06-08","23:56","SW 5","10","Fair","CLR","78","69",NA,NA,"74%",NA,"80","29.89","1014.5",NA,NA,NA,"2021-06-09","2021-06-08 23:56:00"
"KWVL","2021-06-09","00:56","SW 6","10","Fair","CLR","77","70",NA,NA,"79%",NA,"79","29.89","1014.4",NA,NA,NA,"2021-06-09","2021-06-09 00:56:00"
"KWVL","2021-06-09","01:56","SW 8","10","Light Rain","FEW022 SCT029 BKN039","72","70","80","71","94%",NA,NA,"29.89","1014.3","0.03",NA,"0.03","2021-06-09","2021-06-09 01:56:00"
"KWVL","2021-06-09","02:56","SW 8","10","Thunderstorm Light Rain","FEW041","71","68",NA,NA,"90%",NA,NA,"29.88","1014.2",NA,NA,NA,"2021-06-09","2021-06-09 02:56:00"
"KWVL","2021-06-09","03:56","NW 12 G 18","10","Light Rain","FEW039 SCT050","70","66",NA,NA,"87%",NA,NA,"29.87","1013.7",NA,NA,NA,"2021-06-09","2021-06-09 03:56:00"
"KWVL","2021-06-09","04:56","W 10 G 16","5","Thunderstorm in Vicinity Rain Fog/Mist","FEW025 SCT045 BKN055","68","65",NA,NA,"90%",NA,NA,"29.87","1013.7",NA,NA,NA,"2021-06-09","2021-06-09 04:56:00"
"KWVL","2021-06-09","05:56","Calm","10","Fair","CLR","67","66",NA,NA,"97%",NA,NA,"29.87","1013.8",NA,NA,NA,"2021-06-09","2021-06-09 05:56:00"
"KWVL","2021-06-09","06:56","Calm","10","Fair","CLR","69","67",NA,NA,"93%",NA,NA,"29.88","1014.2",NA,NA,NA,"2021-06-09","2021-06-09 06:56:00"
"KWVL","2021-06-09","07:56","N 5","10","A Few Clouds","FEW034","72","69","72","67","91%",NA,NA,"29.9","1014.9",NA,NA,NA,"2021-06-09","2021-06-09 07:56:00"
"KWVL","2021-06-09","08:56","N 15 G 20","10","Mostly Cloudy","SCT036 BKN047","71","65",NA,NA,"81%",NA,NA,"29.92","1015.4",NA,NA,NA,"2021-06-09","2021-06-09 08:56:00"
"KWVL","2021-06-09","09:56","N 7","10","Partly Cloudy","FEW041 SCT055","70","64",NA,NA,"82%",NA,NA,"29.92","1015.6",NA,NA,NA,"2021-06-09","2021-06-09 09:56:00"
"KWVL","2021-06-09","10:56","Vrbl 5","10","Fair","CLR","73","63",NA,NA,"71%",NA,NA,"29.92","1015.4",NA,NA,NA,"2021-06-09","2021-06-09 10:56:00"
"KWVL","2021-06-09","11:56","NW 6","10","Fair","CLR","76","65",NA,NA,"69%",NA,"78","29.92","1015.6",NA,NA,NA,"2021-06-09","2021-06-09 11:56:00"
"KWVL","2021-06-09","12:56","Vrbl 6","10","Fair","CLR","79","61",NA,NA,"54%",NA,"80","29.92","1015.2",NA,NA,NA,"2021-06-09","2021-06-09 12:56:00"
"KWVL","2021-06-09","13:56","N 8","10","Fair","CLR","80","62","80","68","54%",NA,"81","29.9","1014.8",NA,NA,NA,"2021-06-09","2021-06-09 13:56:00"
"KWVL","2021-06-09","14:56","W 5","10","A Few Clouds","FEW060","82","62",NA,NA,"51%",NA,"83","29.9","1014.6",NA,NA,NA,"2021-06-09","2021-06-09 14:56:00"
"KWVL","2021-06-09","15:56","Vrbl 5","10","A Few Clouds","FEW065","83","59",NA,NA,"44%",NA,"83","29.89","1014.4",NA,NA,NA,"2021-06-10","2021-06-09 15:56:00"
"KWVL","2021-06-09","16:56","N 9 G 17","10","Fair","CLR","83","50",NA,NA,"32%",NA,"81","29.89","1014.4",NA,NA,NA,"2021-06-10","2021-06-09 16:56:00"
"KWVL","2021-06-09","17:56","N 12","10","Fair","CLR","80","49",NA,NA,"34%",NA,"79","29.89","1014.5",NA,NA,NA,"2021-06-10","2021-06-09 17:56:00"
"KWVL","2021-06-09","18:56","N 7","10","Fair","CLR","78","48",NA,NA,"35%",NA,"78","29.9","1014.8",NA,NA,NA,"2021-06-10","2021-06-09 18:56:00"
"KWVL","2021-06-09","19:56","Vrbl 5","10","Fair","CLR","75","48","84","75","39%",NA,NA,"29.91","1015.3",NA,NA,NA,"2021-06-10","2021-06-09 19:56:00"
"KWVL","2021-06-09","20:56","Vrbl 7","10","Fair","CLR","71","46",NA,NA,"41%",NA,NA,"29.93","1015.9",NA,NA,NA,"2021-06-10","2021-06-09 20:56:00"
"KWVL","2021-06-09","21:56","N 6","10","Fair","CLR","69","45",NA,NA,"42%",NA,NA,"29.95","1016.7",NA,NA,NA,"2021-06-10","2021-06-09 21:56:00"
"KWVL","2021-06-09","22:56","NW 6","10","Fair","CLR","68","45",NA,NA,"44%",NA,NA,"29.97","1017.2",NA,NA,NA,"2021-06-10","2021-06-09 22:56:00"
"KWVL","2021-06-09","23:56","Vrbl 5","10","Fair","CLR","68","45",NA,NA,"44%",NA,NA,"29.96","1017.1",NA,NA,NA,"2021-06-10","2021-06-09 23:56:00"
"KWVL","2021-06-10","00:56","N 5","10","Fair","CLR","65","46",NA,NA,"51%",NA,NA,"29.96","1017.1",NA,NA,NA,"2021-06-10","2021-06-10 00:56:00"
"KWVL","2021-06-10","01:56","NW 6","10","Fair","CLR","64","45","75","63","50%",NA,NA,"29.97","1017.4",NA,NA,NA,"2021-06-10","2021-06-10 01:56:00"
"KWVL","2021-06-10","02:56","Vrbl 6","10","Fair","CLR","57","46",NA,NA,"67%",NA,NA,"29.98","1017.6",NA,NA,NA,"2021-06-10","2021-06-10 02:56:00"
"KWVL","2021-06-10","03:56","Vrbl 5","10","Fair","CLR","61","40",NA,NA,"46%",NA,NA,"29.99","1017.9",NA,NA,NA,"2021-06-10","2021-06-10 03:56:00"
"KWVL","2021-06-10","04:56","N 5","10","Fair","CLR","58","38",NA,NA,"48%",NA,NA,"30","1018.3",NA,NA,NA,"2021-06-10","2021-06-10 04:56:00"
"KWVL","2021-06-10","05:56","N 7","10","Fair","CLR","57","38",NA,NA,"49%",NA,NA,"30.02","1019",NA,NA,NA,"2021-06-10","2021-06-10 05:56:00"
"KWVL","2021-06-10","06:56","N 10","10","Fair","CLR","58","39",NA,NA,"50%",NA,NA,"30.04","1019.6",NA,NA,NA,"2021-06-10","2021-06-10 06:56:00"
"KWVL","2021-06-10","07:56","N 13 G 17","10","Fair","CLR","59","38","64","57","46%",NA,NA,"30.05","1020.2",NA,NA,NA,"2021-06-10","2021-06-10 07:56:00"
"KWVL","2021-06-10","08:56","N 14","10","Fair","CLR","59","38",NA,NA,"46%",NA,NA,"30.07","1020.9",NA,NA,NA,"2021-06-10","2021-06-10 08:56:00"
"KWVL","2021-06-10","09:56","N 12","10","Fair","CLR","61","38",NA,NA,"43%",NA,NA,"30.07","1020.9",NA,NA,NA,"2021-06-10","2021-06-10 09:56:00"
"KWVL","2021-06-10","10:56","N 12","10","Fair","CLR","62","38",NA,NA,"41%",NA,NA,"30.08","1021.2",NA,NA,NA,"2021-06-10","2021-06-10 10:56:00"
"KWVL","2021-06-10","11:56","N 8","10","A Few Clouds","FEW060","62","37",NA,NA,"40%",NA,NA,"30.08","1021.2",NA,NA,NA,"2021-06-10","2021-06-10 11:56:00"
"KWVL","2021-06-10","12:56","N 8","10","Fair","CLR","66","39",NA,NA,"37%",NA,NA,"30.08","1021.1",NA,NA,NA,"2021-06-10","2021-06-10 12:56:00"
"KWVL","2021-06-10","13:56","Vrbl 5 G 20","10","Fair","CLR","65","37","66","59","36%",NA,NA,"30.07","1020.8",NA,NA,NA,"2021-06-10","2021-06-10 13:56:00"
"KWVL","2021-06-10","14:56","Vrbl 5","10","Fair","CLR","68","36",NA,NA,"31%",NA,NA,"30.06","1020.6",NA,NA,NA,"2021-06-10","2021-06-10 14:56:00"
"KWVL","2021-06-10","15:56","NE 8","10","Fair","CLR","68","37",NA,NA,"32%",NA,NA,"30.05","1020.1",NA,NA,NA,"2021-06-10","2021-06-10 15:56:00"
"KWVL","2021-06-10","16:56","N 7","10.00","Fair","CLR","68","37","","","32%",NA,NA,"30.05","1020.1","","","","2021-06-11","2021-06-10 16:56:00"
"KWVL","2021-06-10","17:56","Calm","10.00","Fair","CLR","68","37","","","32%",NA,NA,"30.04","1019.9","","","","2021-06-11","2021-06-10 17:56:00"
"KWVL","2021-06-10","18:56","Calm","10.00","Fair","CLR","66","37","","","34%",NA,NA,"30.05","1020.2","","","","2021-06-11","2021-06-10 18:56:00"
"KWVL","2021-06-10","19:56","NE 3","10.00","Fair","CLR","61","39","69","61","44%",NA,NA,"30.07","1020.9","","","","2021-06-11","2021-06-10 19:56:00"
"KWVL","2021-06-10","20:56","Calm","9.00","Fair","CLR","55","41","","","59%",NA,NA,"30.09","1021.6","","","","2021-06-11","2021-06-10 20:56:00"
"KWVL","2021-06-10","21:56","Calm","10.00","Fair","CLR","53","42","","","66%",NA,NA,"30.11","1022.3","","","","2021-06-11","2021-06-10 21:56:00"
"KWVL","2021-06-10","22:56","Calm","10.00","Fair","CLR","51","43","","","74%",NA,NA,"30.11","1022.2","","","","2021-06-11","2021-06-10 22:56:00"
"KWVL","2021-06-10","23:56","Calm","10.00","Fair","CLR","49","45","","","86%",NA,NA,"30.11","1022.3","","","","2021-06-11","2021-06-10 23:56:00"
"KWVL","2021-06-11","00:56","Calm","10.00","Fair","CLR","51","45","","","80%",NA,NA,"30.10","1022.0","","","","2021-06-11","2021-06-11 00:56:00"
"KWVL","2021-06-11","01:56","Calm","10.00","Fair","CLR","50","46","61","49","86%",NA,NA,"30.10","1022.0","","","","2021-06-11","2021-06-11 01:56:00"
"KWVL","2021-06-11","02:56","Calm","10.00","Fair","CLR","49","47","","","93%",NA,NA,"30.09","1021.7","","","","2021-06-11","2021-06-11 02:56:00"
"KWVL","2021-06-11","03:56","Calm","10.00","Fair","CLR","50","47","","","89%",NA,NA,"30.09","1021.7","","","","2021-06-11","2021-06-11 03:56:00"
"KWVL","2021-06-11","04:56","SW 3","10.00","Fair","CLR","51","48","","","89%",NA,NA,"30.08","1021.5","","","","2021-06-11","2021-06-11 04:56:00"
"KWVL","2021-06-11","05:56","Calm","10.00","Fair","CLR","52","48","","","86%",NA,NA,"30.08","1021.2","","","","2021-06-11","2021-06-11 05:56:00"
"KWVL","2021-06-11","06:56","Vrbl 3","10.00","Fair","CLR","54","49","","","83%",NA,NA,"30.07","1020.8","","","","2021-06-11","2021-06-11 06:56:00"
"KWVL","2021-06-11","07:56","S 5","10.00","A Few Clouds","FEW080","55","49","55","49","80%",NA,NA,"30.07","1020.8","","","","2021-06-11","2021-06-11 07:56:00"
"KWVL","2021-06-11","08:56","S 5","10.00","Fair","CLR","57","50","","","78%",NA,NA,"30.07","1020.9","","","","2021-06-11","2021-06-11 08:56:00"
"KWVL","2021-06-11","09:56","Vrbl 7","10.00","Fair","CLR","58","48","","","70%",NA,NA,"30.04","1019.8","","","","2021-06-11","2021-06-11 09:56:00"
"KWVL","2021-06-11","10:56","SW 9 G 18","10.00","A Few Clouds","FEW085","59","44","","","58%",NA,NA,"30.03","1019.6","","","","2021-06-11","2021-06-11 10:56:00"
"KWVL","2021-06-11","11:56","S 6","10.00","Fair","CLR","60","44","","","56%",NA,NA,"30.01","1019.0","","","","2021-06-11","2021-06-11 11:56:00"
"KWVL","2021-06-11","12:56","SW 7","10.00","Fair","CLR","61","46","","","58%",NA,NA,"30.00","1018.6","","","","2021-06-11","2021-06-11 12:56:00"
"KWVL","2021-06-11","13:56","Vrbl 7","10.00","Fair","CLR","62","46","62","55","56%",NA,NA,"29.99","1018.4","","","","2021-06-12","2021-06-11 13:56:00"
"KWVL","2021-06-11","14:56","Vrbl 7","10.00","Partly Cloudy","SCT090","60","47","","","62%",NA,NA,"29.98","1017.8","","","","2021-06-12","2021-06-11 14:56:00"
"KWVL","2021-06-11","15:56","Vrbl 7","10.00","Fair","CLR","60","48","","","65%",NA,NA,"29.96","1017.2","","","","2021-06-12","2021-06-11 15:56:00"
"KWVL","2021-06-11","16:56","S 7","10.00","Fair","CLR","59","48","","","67%",NA,NA,"29.95","1016.8","","","","2021-06-12","2021-06-11 16:56:00"
"KWVL","2021-06-11","17:56","S 6","10.00","Fair","CLR","59","48","","","67%",NA,NA,"29.93","1016.3","","","","2021-06-12","2021-06-11 17:56:00"
"KWVL","2021-06-11","18:56","S 5","10.00","A Few Clouds","FEW085","57","49","","","74%",NA,NA,"29.95","1016.7","","","","2021-06-12","2021-06-11 18:56:00"
"KWVL","2021-06-11","19:56","S 7","10.00","Fair","CLR","56","46","62","56","70%",NA,NA,"29.93","1016.2","","","","2021-06-12","2021-06-11 19:56:00"
"KWVL","2021-06-11","20:56","S 5","10.00","Fair","CLR","54","46","","","75%",NA,NA,"29.93","1016.3","","","","2021-06-12","2021-06-11 20:56:00"
"KWVL","2021-06-11","21:56","S 3","10.00","Fair","CLR","51","47","","","86%",NA,NA,"29.93","1016.1","","","","2021-06-12","2021-06-11 21:56:00"
"KWVL","2021-06-11","22:56","S 3","10.00","Fair","CLR","50","48","","","93%",NA,NA,"29.93","1016.1","","","","2021-06-12","2021-06-11 22:56:00"
"KWVL","2021-06-11","23:56","SW 3","10.00","Fair","CLR","49","48","","","97%",NA,NA,"29.92","1015.9","","","","2021-06-12","2021-06-11 23:56:00"
"KWVL","2021-06-12","00:56","S 3","10.00","Fair","CLR","49","49","","","100%",NA,NA,"29.91","1015.6","","","","2021-06-12","2021-06-12 00:56:00"
"KWVL","2021-06-12","01:56","SW 3","0.75","Fog/Mist","CLR","49","48","56","48","97%",NA,NA,"29.90","1015.2","","","","2021-06-12","2021-06-12 01:56:00"
"KWVL","2021-06-12","02:56","SW 3","0.25","Fog","CLR","48","48","","","100%",NA,NA,"29.88","1014.7","","","","2021-06-12","2021-06-12 02:56:00"
"KWVL","2021-06-12","03:56","Calm","0.50","Fog","CLR","48","48","","","100%",NA,NA,"29.86","1014.0","","","","2021-06-13","2021-06-12 03:56:00"
"KWVL","2021-06-12","04:56","Calm","0.75","Fog/Mist","CLR","46","46","","","100%",NA,NA,"29.85","1013.6","","","","2021-06-13","2021-06-12 04:56:00"
"KWVL","2021-06-12","05:56","Calm","0.25","Fog","VV002","47","47","","","100%",NA,NA,"29.86","1014.0","","","","2021-06-13","2021-06-12 05:56:00"
"KWVL","2021-06-12","06:56","Calm","0.25","Fog","BKN002","50","50","","","100%",NA,NA,"29.87","1014.4","","","","2021-06-13","2021-06-12 06:56:00"
"KWVL","2021-06-12","07:56","Vrbl 3","4.00","Fog/Mist","BKN002","52","52","52","45","100%",NA,NA,"29.87","1014.3","","","","2021-06-13","2021-06-12 07:56:00"
"KWVL","2021-06-12","08:56","W 3","10.00","Fair","CLR","57","54","","","90%",NA,NA,"29.88","1014.4","","","","2021-06-13","2021-06-12 08:56:00"
"KWVL","2021-06-12","09:56","Calm","10.00","Fair","CLR","61","54","","","78%",NA,NA,"29.85","1013.6","","","","2021-06-13","2021-06-12 09:56:00"
"KWVL","2021-06-12","10:56","N 7","10.00","Fair","CLR","68","52","","","57%",NA,NA,"29.85","1013.2","","","","2021-06-13","2021-06-12 10:56:00"
"KWVL","2021-06-12","11:56","Vrbl 3","10.00","Fair","CLR","70","51","","","51%",NA,NA,"29.83","1012.6","","","","2021-06-13","2021-06-12 11:56:00"
"KWVL","2021-06-12","12:56","Calm","10.00","A Few Clouds","FEW055","71","50","","","47%",NA,NA,"29.81","1012.1","","","","2021-06-13","2021-06-12 12:56:00"
"KWVL","2021-06-12","13:56","Vrbl 5","10.00","Fair","CLR","74","50","74","52","43%",NA,NA,"29.78","1011.1","","","","2021-06-13","2021-06-12 13:56:00"
"KWVL","2021-06-12","14:56","Vrbl 5","10.00","A Few Clouds","FEW060","75","51","","","43%",NA,NA,"29.77","1010.6","","","","2021-06-13","2021-06-12 14:56:00"
"KWVL","2021-06-12","15:56","SW 6","10.00","Fair","CLR","75","51","","","43%",NA,NA,"29.76","1010.2","","","","2021-06-13","2021-06-12 15:56:00"
"KWVL","2021-06-12","16:56","S 6","10.00","Fair","CLR","76","51","","","42%",NA,"78","29.75","1009.7","","","","2021-06-13","2021-06-12 16:56:00"
"KWVL","2021-06-12","17:56","SW 3","10.00","Fair","CLR","75","51","","","43%",NA,NA,"29.73","1009.3","","","","2021-06-13","2021-06-12 17:56:00"
"KWVL","2021-06-12","18:56","Vrbl 6","10.00","Fair","CLR","72","56","","","57%",NA,NA,"29.74","1009.6","","","","2021-06-13","2021-06-12 18:56:00"
"KWVL","2021-06-12","19:56","SW 6","10.00","Fair","CLR","67","53","76","67","61%",NA,NA,"29.75","1010.0","","","","2021-06-13","2021-06-12 19:56:00"
"KWVL","2021-06-12","20:56","Vrbl 6","10.00","Fair","CLR","63","51","","","65%",NA,NA,"29.77","1010.7","","","","2021-06-13","2021-06-12 20:56:00"
"KWVL","2021-06-12","21:56","SW 3","10.00","Fair","CLR","60","50","","","70%",NA,NA,"29.78","1011.2","","","","2021-06-13","2021-06-12 21:56:00"
"KWVL","2021-06-12","22:56","Calm","10.00","Fair","CLR","57","50","","","78%",NA,NA,"29.80","1011.5","","","","2021-06-13","2021-06-12 22:56:00"
"KWVL","2021-06-12","23:56","Calm","10.00","Fair","CLR","55","50","","","83%",NA,NA,"29.80","1011.8","","","","2021-06-13","2021-06-12 23:56:00"
"KWVL","2021-06-13","00:56","Calm","10.00","Fair","CLR","54","51","","","90%",NA,NA,"29.80","1011.8","","","","2021-06-13","2021-06-13 00:56:00"
"KWVL","2021-06-13","01:56","Calm","10.00","Fair","CLR","52","50","67","52","93%",NA,NA,"29.80","1011.6","","","","2021-06-13","2021-06-13 01:56:00"
"KWVL","2021-06-13","02:56","Calm","10.00","Fair","CLR","51","50","","","96%",NA,NA,"29.80","1011.6","","","","2021-06-13","2021-06-13 02:56:00"
"KWVL","2021-06-13","03:56","NE 3","10.00","Fair","CLR","51","50","","","96%",NA,NA,"29.80","1011.6","","","","2021-06-14","2021-06-13 03:56:00"
"KWVL","2021-06-13","04:56","Calm","9.00","Fair","CLR","49","49","","","100%",NA,NA,"29.80","1011.8","","","","2021-06-14","2021-06-13 04:56:00"
"KWVL","2021-06-13","05:56","Calm","10.00","Fair","CLR","50","50","","","100%",NA,NA,"29.81","1012.0","","","","2021-06-14","2021-06-13 05:56:00"
"KWVL","2021-06-13","06:56","Calm","10.00","Fair","CLR","57","53","","","87%",NA,NA,"29.83","1012.5","","","","2021-06-14","2021-06-13 06:56:00"
"KWVL","2021-06-13","07:56","Calm","10.00","Fair","CLR","60","55","61","49","84%",NA,NA,"29.83","1012.8","","","","2021-06-14","2021-06-13 07:56:00"
"KWVL","2021-06-13","08:56","Calm","10.00","Fair","CLR","67","53","","","61%",NA,NA,"29.83","1012.7","","","","2021-06-14","2021-06-13 08:56:00"
"KWVL","2021-06-13","09:56","Calm","10.00","Fair","CLR","72","53","","","52%",NA,NA,"29.83","1012.5","","","","2021-06-14","2021-06-13 09:56:00"
"KWVL","2021-06-13","10:56","Vrbl 3","10.00","Fair","CLR","76","48","","","37%",NA,"78","29.83","1012.5","","","","2021-06-14","2021-06-13 10:56:00"
"KWVL","2021-06-13","11:56","NW 7","10.00","Fair","CLR","78","43","","","29%",NA,"78","29.82","1012.3","","","","2021-06-14","2021-06-13 11:56:00"
"KWVL","2021-06-13","12:56","SW 6","10.00","Fair","CLR","79","45","","","30%",NA,"79","29.82","1012.1","","","","2021-06-14","2021-06-13 12:56:00"
"KWVL","2021-06-13","13:56","W 10","10.00","Fair","CLR","81","47","81","60","30%",NA,"80","29.81","1011.8","","","","2021-06-14","2021-06-13 13:56:00"
"KWVL","2021-06-13","14:56","Calm","10.00","Fair","CLR","81","45","","","28%",NA,"80","29.81","1011.8","","","","2021-06-14","2021-06-13 14:56:00"
"KWVL","2021-06-13","15:56","NW 7","10.00","Fair","CLR","81","49","","","33%",NA,"80","29.80","1011.5","","","","2021-06-14","2021-06-13 15:56:00"
"KWVL","2021-06-13","16:56","SW 7","10.00","Fair","CLR","79","47","","","32%",NA,"79","29.80","1011.5","","","","2021-06-14","2021-06-13 16:56:00"
"KWVL","2021-06-13","17:56","Vrbl 3","10.00","Fair","CLR","77","49","","","37%",NA,"78","29.79","1011.4","","","","2021-06-14","2021-06-13 17:56:00"
"KWVL","2021-06-13","18:56","Vrbl 6","10.00","Fair","CLR","74","53","","","48%",NA,NA,"29.80","1011.7","","","","2021-06-14","2021-06-13 18:56:00"
"KWVL","2021-06-13","19:56","Vrbl 6","10.00","Fair","CLR","72","51","82","72","48%",NA,NA,"29.81","1011.8","","","","2021-06-14","2021-06-13 19:56:00"
"KWVL","2021-06-13","20:56","S 3","10.00","Fair","CLR","67","53","","","61%",NA,NA,"29.82","1012.2","","","","2021-06-14","2021-06-13 20:56:00"
"KWVL","2021-06-13","21:56","S 5","10.00","Fair","CLR","65","52","","","63%",NA,NA,"29.83","1012.6","","","","2021-06-14","2021-06-13 21:56:00"
"KWVL","2021-06-13","22:56","S 3","10.00","Fair","CLR","62","53","","","73%",NA,NA,"29.83","1012.5","","","","2021-06-14","2021-06-13 22:56:00"
"KWVL","2021-06-13","23:56","SW 3","10.00","Fair","CLR","61","53","","","75%",NA,NA,"29.83","1012.7","","","","2021-06-14","2021-06-13 23:56:00"
"KWVL","2021-06-14","00:56","SW 3","10.00","Fair","CLR","60","53","","","78%",NA,NA,"29.83","1012.6","","","","2021-06-14","2021-06-14 00:56:00"
"KWVL","2021-06-14","01:56","S 3","10.00","Fair","CLR","58","53","72","58","84%",NA,NA,"29.83","1012.5","","","","2021-06-14","2021-06-14 01:56:00"
"KWVL","2021-06-14","02:56","Calm","10.00","Fair","CLR","57","53","","","87%",NA,NA,"29.83","1012.5","","","","2021-06-14","2021-06-14 02:56:00"
"KWVL","2021-06-14","03:56","SW 3","10.00","Fair","CLR","57","53","","","87%",NA,NA,"29.84","1012.8","","","","2021-06-15","2021-06-14 03:56:00"
"KWVL","2021-06-14","04:56","S 3","10.00","Fair","CLR","57","54","","","90%",NA,NA,"29.85","1013.2","","","","2021-06-15","2021-06-14 04:56:00"
"KWVL","2021-06-14","05:56","S 5","10.00","Fair","CLR","57","54","","","90%",NA,NA,"29.86","1013.6","","","","2021-06-15","2021-06-14 05:56:00"
"KWVL","2021-06-14","06:56","Vrbl 3","10.00","Fair","CLR","61","55","","","81%",NA,NA,"29.87","1014.0","","","","2021-06-15","2021-06-14 06:56:00"
"KWVL","2021-06-14","07:56","Vrbl 6","10.00","Fair","CLR","65","57","65","56","76%",NA,NA,"29.87","1013.7","","","","2021-06-15","2021-06-14 07:56:00"
"KWVL","2021-06-14","08:56","Vrbl 6","10.00","Fair","CLR","68","56","","","65%",NA,NA,"29.88","1014.2","","","","2021-06-15","2021-06-14 08:56:00"
"KWVL","2021-06-14","09:56","Vrbl 7","10.00","Fair","CLR","70","58","","","66%",NA,NA,"29.87","1014.1","","","","2021-06-15","2021-06-14 09:56:00"
"KWVL","2021-06-14","10:56","Vrbl 7","10.00","Fair","CLR","70","55","","","59%",NA,NA,"29.88","1014.2","","","","2021-06-15","2021-06-14 10:56:00"
"KWVL","2021-06-14","11:56","S 9","10.00","Fair","CLR","68","52","","","57%",NA,NA,"29.89","1014.7","","","","2021-06-15","2021-06-14 11:56:00"
"KWVL","2021-06-14","12:56","S 8","10.00","Fair","CLR","69","53","","","57%",NA,NA,"29.89","1014.7","","","","2021-06-15","2021-06-14 12:56:00"
"KWVL","2021-06-14","13:56","Vrbl 5","10.00","Fair","CLR","67","54","71","65","63%",NA,NA,"29.90","1015.1","","","","2021-06-15","2021-06-14 13:56:00"
"KWVL","2021-06-14","14:56","Vrbl 7","10.00","A Few Clouds","FEW041","68","55","","","63%",NA,NA,"29.89","1014.6","","","","2021-06-15","2021-06-14 14:56:00"
"KWVL","2021-06-14","15:56","Vrbl 6","10.00","Fair","CLR","66","55","","","68%",NA,NA,"29.89","1014.6","","","","2021-06-15","2021-06-14 15:56:00"
"KWVL","2021-06-14","16:56","S 8","10.00","A Few Clouds","FEW055","67","52","","","59%",NA,NA,"29.88","1014.3","","","","2021-06-15","2021-06-14 16:56:00"
"KWVL","2021-06-14","17:56","Vrbl 7","10.00","Fair","CLR","67","54","","","63%",NA,NA,"29.87","1013.9","","","","2021-06-15","2021-06-14 17:56:00"
"KWVL","2021-06-14","18:56","Vrbl 5","10.00","Fair","CLR","65","56","","","73%",NA,NA,"29.86","1013.8","","","","2021-06-15","2021-06-14 18:56:00"
"KWVL","2021-06-14","19:56","Vrbl 6","10.00","Fair","CLR","63","54","69","63","73%",NA,NA,"29.87","1013.9","","","","2021-06-15","2021-06-14 19:56:00"
"KWVL","2021-06-14","20:56","Vrbl 3","10.00","Light Rain","CLR","62","55","","","78%",NA,NA,"29.87","1014.0","","","","2021-06-15","2021-06-14 20:56:00"
"KWVL","2021-06-14","21:56","Calm","10.00","Fair","CLR","58","57","","","97%",NA,NA,"29.87","1014.1","","","","2021-06-15","2021-06-14 21:56:00"
"KWVL","2021-06-14","22:56","Calm","10.00","Fair","CLR","58","56","","","93%",NA,NA,"29.85","1013.5","","","","2021-06-15","2021-06-14 22:56:00"
"KWVL","2021-06-14","23:56","Calm","3.00","Rain Fog/Mist","CLR","57","56","","","96%",NA,NA,"29.83","1012.9","","","","2021-06-15","2021-06-14 23:56:00"
"KWVL","2021-06-15","00:56","Calm","5.00","Light Rain Fog/Mist","CLR","57","57","","","100%",NA,NA,"29.82","1012.5","","","","2021-06-15","2021-06-15 00:56:00"
"KWVL","2021-06-15","01:56","Calm","5.00","Fog/Mist","OVC003","58","58","63","57","100%",NA,NA,"29.80","1011.7","","","","2021-06-15","2021-06-15 01:56:00"
"KWVL","2021-06-15","02:56","Calm","2.50","Light Rain Fog/Mist","OVC003","58","58","","","100%",NA,NA,"29.79","1011.4","","","","2021-06-15","2021-06-15 02:56:00"
"KWVL","2021-06-15","03:56","Calm","1.50","Fog/Mist","OVC003","59","59","","","100%",NA,NA,"29.77","1010.6","","","","2021-06-16","2021-06-15 03:56:00"
"KWVL","2021-06-15","04:56","Calm","1.50","Fog/Mist","OVC003","58","58","","","100%",NA,NA,"29.76","1010.3","","","","2021-06-16","2021-06-15 04:56:00"
"KWVL","2021-06-15","05:56","Calm","1.00","Fog/Mist","OVC003","59","59","","","100%",NA,NA,"29.76","1010.3","","","","2021-06-16","2021-06-15 05:56:00"
"KWVL","2021-06-15","06:56","Calm","0.25","Fog","OVC003","59","59","","","100%",NA,NA,"29.76","1010.2","","","","2021-06-16","2021-06-15 06:56:00"
"KWVL","2021-06-15","07:56","Calm","0.50","Fog","OVC003","60","60","60","58","100%",NA,NA,"29.76","1010.2","","","","2021-06-16","2021-06-15 07:56:00"
"KWVL","2021-06-15","08:56","Calm","10.00","Mostly Cloudy","BKN003","61","61","","","100%",NA,NA,"29.76","1010.4","","","","2021-06-16","2021-06-15 08:56:00"
"KWVL","2021-06-15","09:56","Calm","9.00","Mostly Cloudy","BKN003","62","61","","","96%",NA,NA,"29.75","1010.1","","","","2021-06-16","2021-06-15 09:56:00"
"KWVL","2021-06-15","10:56","Calm","10.00","Fair","CLR","62","61","","","96%",NA,NA,"29.75","1010.0","","","","2021-06-16","2021-06-15 10:56:00"
"KWVL","2021-06-15","11:56","Vrbl 3","10.00","Fair","CLR","63","61","","","93%",NA,NA,"29.74","1009.6","","","","2021-06-16","2021-06-15 11:56:00"
"KWVL","2021-06-15","12:56","Calm","10.00","Fair","CLR","64","63","","","96%",NA,NA,"29.72","1009.1","","","","2021-06-16","2021-06-15 12:56:00"
"KWVL","2021-06-15","13:56","Vrbl 3","10.00","A Few Clouds","FEW006","66","63","66","60","90%",NA,NA,"29.70","1008.4","","","","2021-06-16","2021-06-15 13:56:00"
"KWVL","2021-06-15","14:56","Calm","10.00","Mostly Cloudy","FEW013 BKN028","67","63","","","87%",NA,NA,"29.69","1007.9","","","","2021-06-16","2021-06-15 14:56:00"
"KWVL","2021-06-15","15:56","Vrbl 7","10.00","Partly Cloudy","SCT028","67","62","","","84%",NA,NA,"29.68","1007.6","","","","2021-06-16","2021-06-15 15:56:00"
"KWVL","2021-06-15","16:56","S 6","10.00","A Few Clouds","FEW020","68","63","","","84%",NA,NA,"29.66","1006.9","","","","2021-06-16","2021-06-15 16:56:00"
"KWVL","2021-06-15","17:56","S 3","10.00","A Few Clouds","FEW034","68","63","","","84%",NA,NA,"29.66","1006.8","","","","2021-06-16","2021-06-15 17:56:00"
"KWVL","2021-06-15","18:56","S 3","10.00","Fair","CLR","66","62","","","87%",NA,NA,"29.66","1006.8","","","","2021-06-16","2021-06-15 18:56:00"
"KWVL","2021-06-15","19:56","Calm","10.00","Fair","CLR","65","62","69","65","90%",NA,NA,"29.64","1006.3","","","","2021-06-16","2021-06-15 19:56:00"
"KWVL","2021-06-15","20:56","SW 3","10.00","Fair","CLR","64","61","","","90%",NA,NA,"29.66","1006.9","","","","2021-06-16","2021-06-15 20:56:00"
"KWVL","2021-06-15","21:56","SW 6","10.00","A Few Clouds","FEW100","62","61","","","96%",NA,NA,"29.66","1006.8","","","","2021-06-16","2021-06-15 21:56:00"
"KWVL","2021-06-15","22:56","Calm","10.00","A Few Clouds","FEW028","60","59","","","96%",NA,NA,"29.65","1006.7","","","","2021-06-16","2021-06-15 22:56:00"
"KWVL","2021-06-15","23:56","Calm","10.00","Fair","CLR","57","57","","","100%",NA,NA,"29.64","1006.3","","","","2021-06-16","2021-06-15 23:56:00"
"KWVL","2021-06-16","00:56","Calm","6.00","Fog/Mist","FEW120","57","56","","","96%",NA,NA,"29.64","1006.3","","","","2021-06-16","2021-06-16 00:56:00"
"KWVL","2021-06-16","01:56","NW 3","10.00","Partly Cloudy","SCT037 SCT110","57","57","65","56","100%",NA,NA,"29.63","1005.9","","","","2021-06-16","2021-06-16 01:56:00"
"KWVL","2021-06-16","02:56","NW 8","10.00","Fair","CLR","58","54","","","87%",NA,NA,"29.63","1006.0","","","","2021-06-16","2021-06-16 02:56:00"
"KWVL","2021-06-16","03:56","N 9","10.00","Fair","CLR","56","50","","","81%",NA,NA,"29.64","1006.3","","","","2021-06-17","2021-06-16 03:56:00"
"KWVL","2021-06-16","04:56","Vrbl 5","10.00","A Few Clouds","FEW055","55","50","","","83%",NA,NA,"29.66","1007.0","","","","2021-06-17","2021-06-16 04:56:00"
"KWVL","2021-06-16","05:56","N 3","10.00","Fair","CLR","55","50","","","83%",NA,NA,"29.67","1007.4","","","","2021-06-17","2021-06-16 05:56:00"
"KWVL","2021-06-16","06:56","Vrbl 5","10.00","Fair","CLR","57","50","","","78%",NA,NA,"29.68","1007.5","","","","2021-06-17","2021-06-16 06:56:00"
"KWVL","2021-06-16","07:56","NW 6","10.00","Fair","CLR","61","50","61","54","67%",NA,NA,"29.68","1007.6","","","","2021-06-17","2021-06-16 07:56:00"
"KWVL","2021-06-16","08:56","NW 8","10.00","Fair","CLR","63","50","","","63%",NA,NA,"29.68","1007.6","","","","2021-06-17","2021-06-16 08:56:00"
"KWVL","2021-06-16","09:56","N 8","10.00","A Few Clouds","FEW038","65","49","","","56%",NA,NA,"29.68","1007.5","","","","2021-06-17","2021-06-16 09:56:00"
"KWVL","2021-06-16","10:56","NW 13 G 20","10.00","A Few Clouds","FEW055","66","43","","","43%",NA,NA,"29.69","1007.9","","","","2021-06-17","2021-06-16 10:56:00"
"KWVL","2021-06-16","13:56","NW 10 G 16","10.00","Partly Cloudy","SCT060","69","45","70","61","42%",NA,NA,"29.69","1008.0","","","","2021-06-17","2021-06-16 13:56:00"
"KWVL","2021-06-16","14:56","Vrbl 7","10.00","A Few Clouds","FEW065","67","44","","","44%",NA,NA,"29.70","1008.3","","","","2021-06-17","2021-06-16 14:56:00"
"KWVL","2021-06-16","15:56","N 17 G 22","10.00","A Few Clouds","FEW070","71","43","","","36%",NA,NA,"29.70","1008.1","","","","2021-06-17","2021-06-16 15:56:00"
"KWVL","2021-06-16","16:56","W 8 G 17","10.00","Fair","CLR","70","45","","","41%",NA,NA,"29.71","1008.5","","","","2021-06-17","2021-06-16 16:56:00"
"KWVL","2021-06-16","17:56","NW 12","10.00","Fair","CLR","68","43","","","40%",NA,NA,"29.71","1008.6","","","","2021-06-17","2021-06-16 17:56:00"
"KWVL","2021-06-16","18:56","W 8 G 16","10.00","Fair","CLR","67","43","","","42%",NA,NA,"29.72","1009.0","","","","2021-06-17","2021-06-16 18:56:00"
"KWVL","2021-06-16","19:56","W 5","10.00","Fair","CLR","64","44","72","64","48%",NA,NA,"29.74","1009.7","","","","2021-06-17","2021-06-16 19:56:00"
"KWVL","2021-06-16","20:56","NW 3","10.00","Fair","CLR","62","45","","","54%",NA,NA,"29.77","1010.7","","","","2021-06-17","2021-06-16 20:56:00"
"KWVL","2021-06-16","21:56","Vrbl 3","10.00","Mostly Cloudy","BKN100","62","45","","","54%",NA,NA,"29.79","1011.5","","","","2021-06-17","2021-06-16 21:56:00"
"KWVL","2021-06-16","22:56","SW 5","10.00","Overcast","OVC110","59","45","","","60%",NA,NA,"29.80","1011.5","","","","2021-06-17","2021-06-16 22:56:00"
"KWVL","2021-06-16","23:56","Vrbl 5","10.00","Mostly Cloudy","BKN110","59","45","","","60%",NA,NA,"29.80","1011.6","","","","2021-06-17","2021-06-16 23:56:00"
"KWVL","2021-06-17","00:56","Vrbl 3","10.00","Partly Cloudy","SCT110","58","44","","","60%",NA,NA,"29.80","1011.7","","","","2021-06-17","2021-06-17 00:56:00"
"KWVL","2021-06-17","01:56","Calm","10.00","Fair","CLR","54","45","64","54","72%",NA,NA,"29.80","1011.9","","","","2021-06-17","2021-06-17 01:56:00"
"KWVL","2021-06-17","02:56","Calm","10.00","Fair","CLR","50","45","","","83%",NA,NA,"29.80","1011.8","","","","2021-06-17","2021-06-17 02:56:00"
"KWVL","2021-06-17","03:56","Calm","10.00","Fair","CLR","47","45","","","93%",NA,NA,"29.80","1011.7","","","","2021-06-18","2021-06-17 03:56:00"
"KWVL","2021-06-17","04:56","SW 3","10.00","Fair","CLR","48","46","","","93%",NA,NA,"29.80","1011.8","","","","2021-06-18","2021-06-17 04:56:00"
"KWVL","2021-06-17","05:56","SW 5","10.00","Fair","CLR","48","45","","","89%","46",NA,"29.81","1012.2","","","","2021-06-18","2021-06-17 05:56:00"
"KWVL","2021-06-17","06:56","SW 5","10.00","Fair","CLR","53","48","","","83%",NA,NA,"29.82","1012.4","","","","2021-06-18","2021-06-17 06:56:00"
"KWVL","2021-06-17","07:56","SW 7","10.00","Fair","CLR","60","47","60","46","62%",NA,NA,"29.82","1012.5","","","","2021-06-18","2021-06-17 07:56:00"
"KWVL","2021-06-17","08:56","SW 7","10.00","Fair","CLR","64","47","","","54%",NA,NA,"29.83","1012.8","","","","2021-06-18","2021-06-17 08:56:00"
"KWVL","2021-06-17","09:56","SW 10 G 17","10.00","Fair","CLR","67","44","","","44%",NA,NA,"29.84","1012.8","","","","2021-06-18","2021-06-17 09:56:00"
"KWVL","2021-06-17","10:56","W 9 G 17","10.00","Fair","CLR","69","43","","","39%",NA,NA,"29.84","1013.0","","","","2021-06-18","2021-06-17 10:56:00"
"KWVL","2021-06-17","11:56","W 13 G 20","10.00","Fair","CLR","70","41","","","35%",NA,NA,"29.85","1013.2","","","","2021-06-18","2021-06-17 11:56:00"
"KWVL","2021-06-17","12:56","W 10","10.00","A Few Clouds","FEW075","71","44","","","38%",NA,NA,"29.84","1012.8","","","","2021-06-18","2021-06-17 12:56:00"
"KWVL","2021-06-17","13:56","Vrbl 5","10.00","Fair","CLR","72","44","72","60","37%",NA,NA,"29.82","1012.4","","","","2021-06-18","2021-06-17 13:56:00"
"KWVL","2021-06-17","15:56","NW 6","10.00","A Few Clouds","FEW080","72","44","","","37%",NA,NA,"29.82","1012.4","","","","2021-06-18","2021-06-17 15:56:00"
"KWVL","2021-06-17","16:56","Vrbl 6","10.00","Partly Cloudy","SCT080","72","44","","","37%",NA,NA,"29.83","1012.8","","","","2021-06-18","2021-06-17 16:56:00"
"KWVL","2021-06-17","17:56","Calm","10.00","Partly Cloudy","SCT075","71","49","","","46%",NA,NA,"29.84","1013.2","","","","2021-06-18","2021-06-17 17:56:00"
"KWVL","2021-06-17","18:56","Calm","10.00","Fair","CLR","70","51","","","51%",NA,NA,"29.86","1013.6","","","","2021-06-18","2021-06-17 18:56:00"
"KWVL","2021-06-17","19:56","Calm","10.00","Fair","CLR","64","55","75","64","73%",NA,NA,"29.87","1014.0","","","","2021-06-18","2021-06-17 19:56:00"
"KWVL","2021-06-17","20:56","Calm","10.00","Fair","CLR","59","51","","","75%",NA,NA,"29.89","1014.6","","","","2021-06-18","2021-06-17 20:56:00"
"KWVL","2021-06-17","21:56","SW 5","10.00","Fair","CLR","60","51","","","72%",NA,NA,"29.91","1015.4","","","","2021-06-18","2021-06-17 21:56:00"
"KWVL","2021-06-17","22:56","Calm","10.00","Fair","CLR","58","49","","","72%",NA,NA,"29.91","1015.6","","","","2021-06-18","2021-06-17 22:56:00"
"KWVL","2021-06-17","23:56","Calm","10.00","Fair","CLR","55","50","","","83%",NA,NA,"29.92","1015.7","","","","2021-06-18","2021-06-17 23:56:00"
"KWVL","2021-06-18","00:56","Calm","10.00","Fair","CLR","53","49","","","86%",NA,NA,"29.92","1015.8","","","","2021-06-18","2021-06-18 00:56:00"
"KWVL","2021-06-18","01:56","Calm","10.00","Fair","CLR","51","49","64","50","92%",NA,NA,"29.93","1016.0","","","","2021-06-18","2021-06-18 01:56:00"
"KWVL","2021-06-18","02:56","Calm","10.00","Fair","CLR","50","48","","","93%",NA,NA,"29.93","1016.0","","","","2021-06-18","2021-06-18 02:56:00"
"KWVL","2021-06-18","03:56","Calm","10.00","Fair","CLR","50","49","","","96%",NA,NA,"29.93","1016.2","","","","2021-06-18","2021-06-18 03:56:00"
"KWVL","2021-06-18","04:56","SW 3","10.00","Fair","CLR","50","49","","","96%",NA,NA,"29.94","1016.4","","","","2021-06-18","2021-06-18 04:56:00"
"KWVL","2021-06-18","05:56","SW 3","10.00","Fair","CLR","50","49","","","96%",NA,NA,"29.95","1016.9","","","","2021-06-18","2021-06-18 05:56:00"
"KWVL","2021-06-18","06:56","SW 3","10.00","Fair","CLR","55","51","","","87%",NA,NA,"29.96","1017.2","","","","2021-06-18","2021-06-18 06:56:00"
"KWVL","2021-06-18","07:56","Vrbl 3","10.00","Fair","CLR","61","52","61","49","72%",NA,NA,"29.96","1017.1","","","","2021-06-18","2021-06-18 07:56:00"
"KWVL","2021-06-18","08:56","Calm","10.00","Fair","CLR","66","53","","","63%",NA,NA,"29.95","1016.8","","","","2021-06-18","2021-06-18 08:56:00"
"KWVL","2021-06-18","09:56","Vrbl 3","10.00","Fair","CLR","72","54","","","53%",NA,NA,"29.93","1015.9","","","","2021-06-18","2021-06-18 09:56:00"
"KWVL","2021-06-18","10:56","S 8","10.00","Fair","CLR","75","47","","","37%",NA,NA,"29.91","1015.3","","","","2021-06-18","2021-06-18 10:56:00"
"KWVL","2021-06-18","11:56","SW 9","10.00","Fair","CLR","76","44","","","32%",NA,"77","29.90","1014.8","","","","2021-06-18","2021-06-18 11:56:00"
"KWVL","2021-06-18","12:56","Vrbl 5","10.00","Fair","CLR","78","47","","","33%",NA,"78","29.87","1014.0","","","","2021-06-18","2021-06-18 12:56:00"
"KWVL","2021-06-18","13:56","Vrbl 7","10.00","Fair","CLR","78","47","78","61","33%",NA,"78","29.86","1013.5","","","","2021-06-18","2021-06-18 13:56:00"
"KWVL","2021-06-18","14:56","Vrbl 7","10.00","Fair","CLR","79","47","","","32%",NA,"79","29.85","1013.1","","","","2021-06-18","2021-06-18 14:56:00"
"KWVL","2021-06-18","15:56","Vrbl 7 G 20","10.00","Fair","CLR","77","48","","","36%",NA,"78","29.83","1012.7","","","","2021-06-18","2021-06-18 15:56:00"
"KWVL","2021-06-18","16:56","S 8","10.00","Fair","CLR","77","48","","","36%",NA,"78","29.83","1012.5","","","","2021-06-19","2021-06-18 16:56:00"
"KWVL","2021-06-18","17:56","S 8","10.00","Fair","CLR","75","47","","","37%",NA,NA,"29.81","1012.0","","","","2021-06-19","2021-06-18 17:56:00"
"KWVL","2021-06-18","18:56","S 5","10.00","Fair","CLR","72","48","","","43%",NA,NA,"29.81","1012.0","","","","2021-06-19","2021-06-18 18:56:00"
"KWVL","2021-06-18","19:56","S 8","10.00","Fair","CLR","70","47","79","70","44%",NA,NA,"29.80","1011.6","","","","2021-06-19","2021-06-18 19:56:00"
"KWVL","2021-06-18","20:56","Calm","10.00","Fair","CLR","64","50","","","60%",NA,NA,"29.79","1011.3","","","","2021-06-19","2021-06-18 20:56:00"
"KWVL","2021-06-18","21:56","S 3","10.00","Fair","CLR","64","51","","","63%",NA,NA,"29.79","1011.3","","","","2021-06-19","2021-06-18 21:56:00"
"KWVL","2021-06-18","22:56","Vrbl 5","10.00","Fair","CLR","63","52","","","68%",NA,NA,"29.77","1010.5","","","","2021-06-19","2021-06-18 22:56:00"
"KWVL","2021-06-18","23:56","S 3","10.00","Mostly Cloudy","BKN120","63","53","","","70%",NA,NA,"29.76","1010.2","","","","2021-06-19","2021-06-18 23:56:00"
"KWVL","2021-06-19","00:56","S 5","10.00","Mostly Cloudy","BKN110","62","55","","","78%",NA,NA,"29.73","1009.3","","","","2021-06-19","2021-06-19 00:56:00"
"KWVL","2021-06-19","01:56","SW 6","10.00","Mostly Cloudy","BKN120","62","56","70","62","80%",NA,NA,"29.72","1008.9","","","","2021-06-19","2021-06-19 01:56:00"
"KWVL","2021-06-19","02:56","S 3","10.00","Mostly Cloudy","BKN110","62","56","","","80%",NA,NA,"29.71","1008.5","","","","2021-06-19","2021-06-19 02:56:00"
"KWVL","2021-06-19","03:56","Calm","10.00","A Few Clouds","FEW120","62","56","","","80%",NA,NA,"29.69","1008.0","","","","2021-06-20","2021-06-19 03:56:00"
"KWVL","2021-06-19","04:56","SW 3","10.00","A Few Clouds","FEW110","63","56","","","78%",NA,NA,"29.68","1007.4","","","","2021-06-20","2021-06-19 04:56:00"
"KWVL","2021-06-19","05:56","SW 3","10.00","Fair","CLR","64","56","","","75%",NA,NA,"29.65","1006.6","","","","2021-06-20","2021-06-19 05:56:00"
"KWVL","2021-06-19","06:56","S 5","10.00","Fair","CLR","64","57","","","78%",NA,NA,"29.65","1006.6","","","","2021-06-20","2021-06-19 06:56:00"
"KWVL","2021-06-19","07:56","Vrbl 5","10.00","Light Rain","FEW024 BKN035 BKN042","61","59","64","61","93%",NA,NA,"29.67","1007.1","","","","2021-06-20","2021-06-19 07:56:00"
"KWVL","2021-06-19","08:56","Vrbl 3","10.00","Fair","CLR","62","60","","","93%",NA,NA,"29.66","1006.9","","","","2021-06-20","2021-06-19 08:56:00"
"KWVL","2021-06-19","09:56","Vrbl 6","10.00","Light Rain","CLR","66","62","","","87%",NA,NA,"29.64","1006.0","","","","2021-06-20","2021-06-19 09:56:00"
"KWVL","2021-06-19","10:56","SW 6","10.00","Fair","CLR","69","63","","","81%",NA,NA,"29.65","1006.4","","","","2021-06-20","2021-06-19 10:56:00"
"KWVL","2021-06-19","11:56","Vrbl 7","10.00","Fair","CLR","71","64","","","79%",NA,NA,"29.63","1005.8","","","","2021-06-20","2021-06-19 11:56:00"
"KWVL","2021-06-19","12:56","Vrbl 5","10.00","Fair","CLR","75","64","","","69%",NA,NA,"29.62","1005.3","","","","2021-06-20","2021-06-19 12:56:00"
"KWVL","2021-06-19","13:56","Vrbl 6","10.00","Fair","CLR","77","66","78","61","69%",NA,"79","29.60","1004.7","","","","2021-06-20","2021-06-19 13:56:00"
"KWVL","2021-06-19","14:56","Vrbl 6","10.00","Fair","CLR","80","65","","","60%",NA,"82","29.59","1004.2","","","","2021-06-20","2021-06-19 14:56:00"
"KWVL","2021-06-19","22:56","W 3","10.00",NA,NA,"63","61","","","93%",NA,NA,"29.65","1006.4","","","","2021-06-20","2021-06-19 22:56:00"
"KWVL","2021-06-19","23:56","Calm","10.00","Fair","CLR","64","59","","","84%",NA,NA,"29.65","1006.5","","","","2021-06-20","2021-06-19 23:56:00"
"KWVL","2021-06-20","00:56","W 3","10.00","Fair","CLR","64","56","","","75%",NA,NA,"29.64","1006.2","","","","2021-06-20","2021-06-20 00:56:00"
"KWVL","2021-06-20","01:56","Calm","10.00","Fair","CLR","62","57","","","84%",NA,NA,"29.64","1006.0","","","","2021-06-20","2021-06-20 01:56:00"
"KWVL","2021-06-20","02:56","Calm","10.00","Fair","CLR","61","56","","","84%",NA,NA,"29.65","1006.4","","","","2021-06-20","2021-06-20 02:56:00"
"KWVL","2021-06-20","03:56","W 3","10.00","Fair","CLR","61","55","","","81%",NA,NA,"29.66",NA,"","","","2021-06-21","2021-06-20 03:56:00"
"KWVL","2021-06-20","04:56","W 3","10.00","Fair","CLR","59","54","","","83%",NA,NA,"29.66",NA,"","","","2021-06-21","2021-06-20 04:56:00"
"KWVL","2021-06-20","05:56","SW 5","10.00","Fair","CLR","60","55","","","84%",NA,NA,"29.68",NA,"","","","2021-06-21","2021-06-20 05:56:00"
"KWVL","2021-06-20","06:56","Vrbl 3","10.00","Fair","CLR","66","56","","","70%",NA,NA,"29.70",NA,"","","","2021-06-21","2021-06-20 06:56:00"
"KWVL","2021-06-20","07:56","W 6","10.00","Fair","CLR","69","56","69","59","63%",NA,NA,"29.72",NA,"","","","2021-06-21","2021-06-20 07:56:00"
"KWVL","2021-06-20","08:56","W 7","10.00","Fair","CLR","72","56","","","57%",NA,NA,"29.72",NA,"","","","2021-06-21","2021-06-20 08:56:00"
"KWVL","2021-06-20","09:56","W 10","10.00","Fair","CLR","75","57","","","54%",NA,NA,"29.72",NA,"","","","2021-06-21","2021-06-20 09:56:00"
"KWVL","2021-06-20","10:56","W 10 G 16","10.00","Fair","CLR","76","57","","","52%",NA,"78","29.71","1008.5","","","","2021-06-21","2021-06-20 10:56:00"
"KWVL","2021-06-20","11:56","W 10 G 17","10.00","Fair","CLR","79","57","","","47%",NA,"80","29.71","1008.4","","","","2021-06-21","2021-06-20 11:56:00"
"KWVL","2021-06-20","12:56","Vrbl 6 G 16","10.00","A Few Clouds","FEW065","80","57","","","45%",NA,"80","29.70","1008.0","","","","2021-06-21","2021-06-20 12:56:00"
"KWVL","2021-06-20","13:56","Vrbl 7","10.00","A Few Clouds","FEW065","82","57","82","69","43%",NA,"82","29.68","1007.5","","","","2021-06-21","2021-06-20 13:56:00"
"KWVL","2021-06-20","14:56","NW 6","10.00","A Few Clouds","FEW070","80","57","","","45%",NA,"80","29.69","1007.6","","","","2021-06-21","2021-06-20 14:56:00"
"KWVL","2021-06-20","15:56","Vrbl 6","10.00","Fair","CLR","83","56","","","40%",NA,"82","29.69","1007.6","","","","2021-06-21","2021-06-20 15:56:00"
"KWVL","2021-06-20","16:56","Vrbl 3","10.00","Fair","CLR","83","57","","","41%",NA,"82","29.69","1007.7","","","","2021-06-21","2021-06-20 16:56:00"
"KWVL","2021-06-20","17:56","NW 6","10.00","Fair","CLR","82","56","","","41%",NA,"82","29.69","1007.7","","","","2021-06-21","2021-06-20 17:56:00"
"KWVL","2021-06-20","18:56","NW 3","10.00","Fair","CLR","80","58","","","47%",NA,"81","29.71","1008.4","","","","2021-06-21","2021-06-20 18:56:00"
"KWVL","2021-06-20","19:56","Vrbl 5","10.00","Fair","CLR","75","61","84","75","62%",NA,NA,"29.72","1008.7","","","","2021-06-21","2021-06-20 19:56:00"
"KWVL","2021-06-20","20:56","Vrbl 3","10.00","Fair","CLR","71","60","","","68%",NA,NA,"29.74","1009.6","","","","2021-06-21","2021-06-20 20:56:00"
"KWVL","2021-06-20","21:56","S 3","10.00","Fair","CLR","67","59","","","76%",NA,NA,"29.76","1010.1","","","","2021-06-21","2021-06-20 21:56:00"
"KWVL","2021-06-20","22:56","Calm","10.00","Fair","CLR","64","59","","","84%",NA,NA,"29.75","1010.0","","","","2021-06-21","2021-06-20 22:56:00"
"KWVL","2021-06-20","23:56","Calm","10.00","Fair","CLR","62","59","","","90%",NA,NA,"29.75","1009.7","","","","2021-06-21","2021-06-20 23:56:00"
"KWVL","2021-06-21","00:56","Calm","10.00","Fair","CLR","60","58","","","93%",NA,NA,"29.74","1009.4","","","","2021-06-21","2021-06-21 00:56:00"
"KWVL","2021-06-21","01:56","Calm","10.00","Fair","CLR","60","58","75","60","93%",NA,NA,"29.73","1009.3","","","","2021-06-21","2021-06-21 01:56:00"
"KWVL","2021-06-21","02:56","Calm","10.00","Fair","CLR","59","58","","","96%",NA,NA,"29.74","1009.7","","","","2021-06-21","2021-06-21 02:56:00"
"KWVL","2021-06-21","03:56","Calm","7.00","Fair","CLR","57","57","","","100%",NA,NA,"29.74","1009.4","","","","2021-06-22","2021-06-21 03:56:00"
"KWVL","2021-06-21","04:56","Calm","1.75","Fog/Mist","CLR","58","58","","","100%",NA,NA,"29.74","1009.5","","","","2021-06-22","2021-06-21 04:56:00"
"KWVL","2021-06-21","05:56","Calm","5.00","Fog/Mist","CLR","58","58","","","100%",NA,NA,"29.73","1009.2","","","","2021-06-22","2021-06-21 05:56:00"
"KWVL","2021-06-21","06:56","SW 3","10.00","Fair","CLR","62","60","","","93%",NA,NA,"29.74","1009.7","","","","2021-06-22","2021-06-21 06:56:00"
"KWVL","2021-06-21","07:56","Calm","10.00","Fair","CLR","67","62","68","57","84%",NA,NA,"29.74","1009.4","","","","2021-06-22","2021-06-21 07:56:00"
"KWVL","2021-06-21","08:56","Calm","10.00","Fair","CLR","69","63","","","81%",NA,NA,"29.74","1009.6","","","","2021-06-22","2021-06-21 08:56:00"
"KWVL","2021-06-21","09:56","S 5","10.00","Fair","CLR","73","65","","","76%",NA,NA,"29.73","1009.2","","","","2021-06-22","2021-06-21 09:56:00"
"KWVL","2021-06-21","10:56","Vrbl 3","10.00","Fair","CLR","77","68","","","74%",NA,"79","29.71","1008.6","","","","2021-06-22","2021-06-21 10:56:00"
"KWVL","2021-06-21","11:56","S 9","10.00","Fair","CLR","82","70","","","67%",NA,"86","29.69","1007.6","","","","2021-06-22","2021-06-21 11:56:00"
"KWVL","2021-06-21","12:56","S 12 G 18","10.00","A Few Clouds","FEW039","85","69","","","59%",NA,"89","29.65","1006.5","","","","2021-06-22","2021-06-21 12:56:00"
"KWVL","2021-06-21","13:56","S 9 G 21","10.00","A Few Clouds","FEW041","83","69","85","68","63%",NA,"87","29.64","1006.0","","","","2021-06-22","2021-06-21 13:56:00"
"KWVL","2021-06-21","14:56","Vrbl 7 G 16","10.00","A Few Clouds","FEW037","83","70","","","65%",NA,"87","29.61","1005.2","","","","2021-06-22","2021-06-21 14:56:00"
"KWVL","2021-06-21","15:56","S 8","10.00","Fair","CLR","81","69","","","67%",NA,"84","29.59","1004.3","","","","2021-06-22","2021-06-21 15:56:00"
"KWVL","2021-06-21","16:56","S 8","10.00","Fair","CLR","80","69","","","69%",NA,"83","29.57","1003.5","","","","2021-06-22","2021-06-21 16:56:00"
"KWVL","2021-06-21","17:56","Vrbl 6","10.00","Fair","CLR","77","69","","","77%",NA,"79","29.56","1003.3","","","","2021-06-22","2021-06-21 17:56:00"
"KWVL","2021-06-21","18:56","S 9 G 22","10.00","Fair","CLR","73","68","","","84%",NA,NA,"29.55","1003.1","","","","2021-06-22","2021-06-21 18:56:00"
"KWVL","2021-06-21","19:56","Vrbl 6","10.00","A Few Clouds","FEW010","71","68","84","71","90%",NA,NA,"29.54","1002.5","","","","2021-06-22","2021-06-21 19:56:00"
"KWVL","2021-06-21","20:56","Vrbl 5","10.00","A Few Clouds","FEW010","71","68","","","90%",NA,NA,"29.56","1003.5","","","","2021-06-22","2021-06-21 20:56:00"
"KWVL","2021-06-21","21:56","S 5","10.00","Fair","CLR","71","68","","","90%",NA,NA,"29.57","1003.8","","","","2021-06-22","2021-06-21 21:56:00"
"KWVL","2021-06-21","22:56","Vrbl 7","10.00","Fair","CLR","70","68","","","93%",NA,NA,"29.56","1003.4","","","","2021-06-22","2021-06-21 22:56:00"
"KWVL","2021-06-21","23:56","S 8","10.00","Fair","CLR","70","67","","","90%",NA,NA,"29.57","1003.4","","","","2021-06-22","2021-06-21 23:56:00"
"KWVL","2021-06-22","00:56","Vrbl 6","10.00","Fair","CLR","69","67","","","93%",NA,NA,"29.56","1003.3","","","","2021-06-22","2021-06-22 00:56:00"
"KWVL","2021-06-22","01:56","Vrbl 3","10.00","Fair","CLR","68","67","71","68","96%",NA,NA,"29.54","1002.7","","","","2021-06-22","2021-06-22 01:56:00"
"KWVL","2021-06-22","02:56","Calm","9.00","Fair","CLR","67","66","","","97%",NA,NA,"29.52","1002.0","","","","2021-06-22","2021-06-22 02:56:00"
"KWVL","2021-06-23","02:56","NW 6","10.00","Fair","CLR","54","48","","","80%",NA,NA,"29.81","1012.2","","","","2021-06-23","2021-06-23 02:56:00"
"KWVL","2021-06-23","01:56","NW 6","10.00","Fair","CLR","54","51","61","54","90%",NA,NA,"29.80","1011.6","","","","2021-06-23","2021-06-23 01:56:00"
"KWVL","2021-06-23","00:56","N 3","10.00","Mostly Cloudy","SCT040 BKN049","55","54","","","96%",NA,NA,"29.79","1011.2","","","","2021-06-23","2021-06-23 00:56:00"
"KWVL","2021-06-22","23:56","N 6","10.00","Mostly Cloudy","BKN038","56","53","","","90%",NA,NA,"29.77","1010.7","","","","2021-06-23","2021-06-22 23:56:00"
"KWVL","2021-06-22","22:56","N 8","10.00","Light Rain","FEW034 SCT047 BKN055","57","55","","","93%",NA,NA,"29.76","1010.2","","","","2021-06-23","2021-06-22 22:56:00"
"KWVL","2021-06-22","21:56","NE 10","10.00","Light Rain","BKN039 OVC046","58","55","","","90%",NA,NA,"29.72","1008.9","","","","2021-06-23","2021-06-22 21:56:00"
"KWVL","2021-06-22","20:56","N 3","10.00","Light Rain","FEW029 BKN039 OVC050","60","58","","","93%",NA,NA,"29.75","1009.7","","","","2021-06-23","2021-06-22 20:56:00"
"KWVL","2021-06-22","19:56","N 5","10.00","Light Rain","BKN030 OVC043","61","58","72","61","90%",NA,NA,"29.73","1009.1","","","","2021-06-23","2021-06-22 19:56:00"
"KWVL","2021-06-22","18:56","N 6","10.00","Light Rain","BKN042","63","58","","","84%",NA,NA,"29.71","1008.4","","","","2021-06-23","2021-06-22 18:56:00"
"KWVL","2021-06-22","17:56","N 8","10.00","Light Rain","BKN027","67","59","","","76%",NA,NA,"29.67","1007.3","","","","2021-06-23","2021-06-22 17:56:00"
"KWVL","2021-06-22","16:56","NW 6","10.00","Fair","CLR","70","62","","","76%",NA,NA,"29.65","1006.2","","","","2021-06-23","2021-06-22 16:56:00"
"KWVL","2021-06-22","15:56","NW 7","10.00","A Few Clouds","FEW080","71","64","","","79%",NA,NA,"29.64","1005.9","","","","2021-06-23","2021-06-22 15:56:00"
"KWVL","2021-06-22","14:56","Vrbl 6","10.00","Light Rain","FEW035 SCT050 BKN070","68","63","","","84%",NA,NA,"29.65","1006.5","","","","2021-06-23","2021-06-22 14:56:00"
"KWVL","2021-06-22","13:56","Vrbl 3","10.00","A Few Clouds","FEW050","72","63","80","68","73%",NA,NA,"29.64","1006.1","","","","2021-06-23","2021-06-22 13:56:00"
"KWVL","2021-06-22","12:56","NW 10","10.00","A Few Clouds","FEW040","74","63","","","69%",NA,NA,"29.64","1006.0","","","","2021-06-23","2021-06-22 12:56:00"
"KWVL","2021-06-22","11:56","W 9","10.00","A Few Clouds","FEW039","78","67","","","69%",NA,"80","29.62","1005.3","","","","2021-06-23","2021-06-22 11:56:00"
"KWVL","2021-06-22","10:56","SW 3","10.00","Fair","CLR","75","69","","","82%",NA,NA,"29.61","1004.9","","","","2021-06-23","2021-06-22 10:56:00"
"KWVL","2021-06-22","09:56","SW 5","10.00","Fair","CLR","74","69","","","85%",NA,NA,"29.61","1005.0","","","","2021-06-23","2021-06-22 09:56:00"
"KWVL","2021-06-22","08:56","Calm","10.00","Fair","CLR","71","68","","","90%",NA,NA,"29.59","1004.4","","","","2021-06-23","2021-06-22 08:56:00"
"KWVL","2021-06-22","07:56","SW 3","9.00","Fair","CLR","68","66","69","67","93%",NA,NA,"29.60","1004.6","","","","2021-06-23","2021-06-22 07:56:00"
"KWVL","2021-06-22","06:56","Vrbl 3","8.00","A Few Clouds","FEW004","68","66","","","93%",NA,NA,"29.58","1004.1","","","","2021-06-23","2021-06-22 06:56:00"
"KWVL","2021-06-22","05:56","Vrbl 5","7.00","Mostly Cloudy","BKN003","68","66","","","93%",NA,NA,"29.56","1003.4","","","","2021-06-23","2021-06-22 05:56:00"
"KWVL","2021-06-22","04:56","S 7","7.00","Mostly Cloudy","BKN005","68","67","","","96%",NA,NA,"29.55","1002.9","","","","2021-06-23","2021-06-22 04:56:00"
"KWVL","2021-06-22","03:56","Vrbl 3","9.00","Fair","CLR","68","66","","","93%",NA,NA,"29.51","1001.7","","","","2021-06-23","2021-06-22 03:56:00"
